{"221.1624721": 2.0417667512833444, "456.3165617": 0.0, "150.0548764": 0.0, "155.0466551": 0.0, "559.4244521": 0.0, "459.3517596": 0.22995084405370864, "213.1847322": 0.03689318521702879, "157.0494044": 0.0, "323.2521778": 0.0, "325.1988439": 0.49079873018489767, "440.2907873": 0.0, "254.1385218": 0.0, "164.0560949": 0.0, "213.1778169": 0.02835371751717198, "159.0650711": 0.0, "237.1250174": 0.08137328876431744, "197.1268931": 0.0, "281.2474827": 0.0, "317.1359479": 0.053792424761490217, "210.1569186": 0.0, "113.1071799": 0.02692064945184353, "203.0912502": 0.036214876093373725, "306.1780101": 0.0, "340.2595145": 0.09703345880896329, "315.2318063": 0.0, "143.0814221": 0.0, "148.1119355": 0.022742027952571204, "132.1017986": 0.0, "355.2267539": 0.0, "373.2329821": 0.0, "169.1221667": 0.055193817009179816, "205.0606152": 0.0, "437.1930978": 0.0, "213.1121041": 0.2355273554189124, "291.1580708": 0.0, "161.0595684": 0.01857155165648901, "226.1993779": 0.12590393278435327, "148.9768997": 0.057103511482335376, "158.0809735": 0.0397192415898219, "146.0810501": 0.0, "281.1007568": 0.14142065681849525, "453.2423081": 0.0, "146.9612033": 0.0, "227.0842104": 0.0, "209.1537522": 0.1796976920684878, "102.0548085": 0.0, "83.08549414": 0.0, "191.081343": 0.0, "218.0488348": 0.025629909985002336, "371.333151": 0.0, "141.1272813": 0.0, "399.2892544": 0.0, "131.0814278": 0.0, "321.240477": 0.0, "159.0763226": 0.04500006477513047, "129.0738054": 0.0, "84.04435036": 0.0, "206.0811959": 0.0, "121.0395172": 0.0, "119.089519": 0.2263696759037234, "166.085927": 0.006788244890907846, "187.1075883": 0.5604970676681508, "164.0704538": 0.0, "582.24683": 0.0, "307.1303026": 0.0, "319.1540154": 0.0, "505.8268352": 0.07518229264143246, "302.3052731": 0.10968912414794234, "162.1122939": 0.0, "127.0500971": 0.0, "203.0912534": 0.0, "119.0854438": 0.0, "218.1387299": 0.04175716982506202, "268.1055162": 0.0, "167.0467294": 0.2266045855762684, "148.0603178": 0.0, "397.2001451": 0.0, "199.0963737": 0.2918757426373525, "339.1954641": 0.0, "109.0395419": 0.0, "524.3709228": 0.0, "144.0654452": 0.0, "218.9835342": 0.0, "281.1743577": 0.0, "249.2212297": 0.0, "158.059956": 0.0, "416.2360091": 0.0, "252.0500207": 0.0, "354.2427378": 0.0, "119.0490557": 0.0, "818.1788101": 0.0, "272.200838": 0.038571161857890945, "306.2638099": 0.0, "149.0959919": 0.0, "477.2629616": 0.0, "400.3784917": 0.0, "227.1611948": 0.0, "217.1585731": 0.007512371301216644, "95.04896201": 0.0, "233.1645792": 0.0, "160.0961943": 0.0, "464.313555": 0.0, "133.1010617": 0.0, "175.1076181": 0.03313283848641065, "117.065729": 0.01958906751044052, "207.1855408": 0.0, "216.1610046": 0.0, "254.1385504": 0.0, "165.0545465": 0.0, "114.0548602": 0.0, "161.0120463": 0.0, "337.1045685": 0.0, "353.2678907": 0.0, "211.0962856": 0.2544635201381617, "285.2787794": 0.0, "448.3054097": 0.0, "395.2916672": 0.0, "126.0741605": 0.0, "283.2630562": 0.0, "339.2328183": 0.03587804047711044, "292.2749788": 0.0, "413.193947": 0.0, "282.2511283": 0.0, "203.081369": 0.0, "210.0911829": 0.0, "128.9709482": 0.0, "103.0864345": 0.0, "141.0657313": 0.2568916556099071, "88.03917536": 0.0, "163.0864199": 0.0015486327710781396, "460.3522958": 0.0, "96.96039444": 0.06036112829488802, "282.1958253": 0.0, "126.1024192": 0.0, "312.2433569": 0.0, "160.0603163": 0.0, "294.2215482": 0.0, "165.1273012": 0.0, "209.1014956": 0.0, "269.117135": 0.0, "456.3471426": 0.14483695736449664, "125.0596281": 0.0, "343.2484912": 0.0, "153.0657661": 0.0, "215.1061242": 0.0, "445.3674725": 0.0, "187.0864182": 0.0, "118.0861387": 0.0, "175.1440102": 0.0, "413.307628": 0.03332313873064373, "115.0864771": 0.0, "180.1017161": 0.0, "288.2895924": 0.008175192136541313, "159.0651073": 0.0, "369.226354": 0.0, "297.2421046": 0.0, "357.2049944": 0.0, "83.06035326": 0.0, "211.081428": 0.0, "133.1051473": 0.0, "129.1020939": 0.0, "174.1123563": 0.0, "153.138495": 0.0, "212.0908379": 0.0, "363.2199932": 0.6007826685260566, "273.1848657": 0.0, "158.059957": 0.0, "123.0439263": 0.0, "310.2305212": 0.0, "187.096366": 0.0, "120.0555185": 0.0, "227.0841295": 0.037584368695750416, "159.0915579": 0.0, "379.2837619": 0.0, "98.05988237": 0.0, "143.0338627": 0.0, "165.0763773": 0.0, "204.0653764": 0.0, "251.2005481": 0.0, "248.1109714": 0.0, "358.2375595": 0.7344600932826637, "370.3314962": 0.0, "331.2254122": 0.0, "139.0582305": 0.0, "106.0285843": 0.0, "496.3396398": 0.0, "582.2465967": 0.0, "100.0391294": 0.0, "392.2138756": 0.0, "168.07665": 0.0, "168.1017712": 0.0696520937572343, "530.3544516": 0.12472614367613821, "286.1436354": 0.2119453437005848, "173.1171476": 0.0, "267.1222792": 0.0, "155.1065249": 0.15112264500681588, "233.0784826": 0.0, "401.3413276": 0.0, "105.0697416": 0.0, "153.12724": 0.0, "401.2320426": 0.0, "158.0923226": 0.0, "263.2369076": 0.0, "130.0861693": 0.38496626216357543, "106.0285959": 0.0, "315.2530032": 0.0, "123.0439353": 0.0, "124.0868601": 0.0, "262.2271493": 0.0, "391.2104029": 0.0, "455.3502651": 0.0, "447.383202": 0.0, "271.1328415": 0.0, "145.049421": 0.0, "192.1017233": 0.0, "405.3349813": 0.022809656887608318, "83.04909929": 0.0, "195.1127261": 0.0, "115.0694383": 0.0, "245.0782715": 0.04403442307278418, "109.1010738": 0.0, "414.3577201": 0.0, "289.2374098": 0.0, "151.111644": 0.0, "140.1181153": 0.053142207586591564, "216.0853751": 0.0, "250.0451509": 0.0, "170.1174441": 0.0, "156.0402278": 0.0, "936.2053335": 0.0, "288.2173289": 0.03402824161362607, "212.0917273": 0.01792192243644608, "429.2998394": 0.0, "151.0613933": 0.0, "884.1898101": 0.0, "132.0442969": 0.0, "483.3274413": 0.0, "265.1185341": 0.019083271798129794, "477.24432": 0.0, "146.0599314": 0.0, "989.4894802": 0.014069358747317328, "363.325674": 0.0, "291.1942967": 0.0, "458.3627559": 0.0, "585.2708653": 0.03403939221415539, "95.02381588": 0.005520600997297131, "296.2583978": 0.0, "171.1166851": 0.0, "182.1174579": 0.0, "90.05479519": 0.0, "207.0506134": 0.02819639128111503, "237.0871129": 0.0, "247.2421368": 0.0, "208.0625152": 0.0, "228.0853224": 0.0, "181.0969566": 0.0, "493.0168328": 0.25673081491370764, "291.2317588": 0.0, "117.0549278": 0.0, "167.1065408": 0.0, "407.3514704": 0.0, "143.1065786": 0.0, "962.2740164": 0.0, "169.0857921": 0.029488021323921632, "133.0687672": 0.0, "901.3075171": 0.0, "272.1492068": 0.07422481321467668, "387.2158737": 0.04308027218293743, "119.0490559": 0.0, "337.1649882": 0.0, "114.0548728": 0.0, "160.0755569": 0.0, "455.3144001": 0.0, "297.27876": 0.006777876729875856, "136.0868623": 0.0, "399.3284405": 0.0, "363.1958858": 0.0, "153.073834": 0.3878201999652251, "241.2160032": 0.0, "829.282042": 0.0, "185.0708385": 0.0, "306.2638424": 0.00042873992241701856, "97.06464569": 0.0, "210.1570208": 0.0, "873.3121489": 0.0, "104.1067846": 0.0, "371.2406324": 0.0019989524724749784, "259.2056432": 0.0, "338.2593434": 0.03627834927372678, "254.1537455": 0.0, "107.0602277": 0.0, "143.0853959": 0.0, "333.2634584": 0.0, "274.0919389": 0.0, "113.1071687": 0.0, "228.1018405": 0.0, "86.05997115": 0.14008719510310713, "919.3160947": 0.0, "101.0595645": 0.0, "320.3071961": 0.0, "288.2532737": 0.0, "249.0609775": 0.0, "144.0789449": 0.0, "117.0697456": 0.0, "164.106911": 0.0, "196.0967294": 0.0, "142.06506": 0.5147973671799294, "120.0654273": 0.0, "572.3653158": 0.0, "340.1615902": 0.0, "415.2837868": 0.0, "980.2793543": 0.0, "922.1294818": 0.0, "161.1071979": 0.0, "982.5703743": 0.0, "113.0094466": 0.0, "830.1373581": 0.0, "427.3611154": 0.0, "432.383358": 0.0, "271.2065001": 0.0, "327.2524882": 0.0, "225.2213395": 0.0, "231.1225693": 0.0, "121.1010502": 0.0, "343.2219235": 0.0, "319.2630229": 0.0, "176.1191774": 0.0, "359.25798": 0.0, "488.2941059": 0.1656627757959556, "171.1490081": 0.0, "223.0966914": 0.0, "463.3779926": 0.0, "853.3553945": 0.0, "253.2526259": 0.0, "155.1429279": 0.0, "854.143218": 0.0, "171.0635594": 0.0, "142.0497811": 0.0, "387.3263081": 0.0, "300.2896367": 0.0, "191.0700921": 0.0, "120.0555592": 0.0, "114.0912494": 0.027549955699147383,